{
"users":
[
{"id":1,"first_name":"Ripley","last_name":"Rose","email":"rrose0@networksolutions.com","address":"313 Hagan Street"},
{"id":2,"first_name":"Valentijn","last_name":"Ilyinykh","email":"vilyinykh1@home.pl","address":"0008 Bluejay Crossing"},
{"id":3,"first_name":"Melvin","last_name":"Crighton","email":"mcrighton2@flickr.com","address":"10 Annamark Park"},
{"id":4,"first_name":"Arluene","last_name":"Pyford","email":"apyford3@technorati.com","address":"76931 Anniversary Place"},
{"id":5,"first_name":"Belvia","last_name":"Fullard","email":"bfullard4@blinklist.com","address":"36 Quincy Parkway"},
{"id":6,"first_name":"Lionello","last_name":"Brough","email":"lbrough5@vimeo.com","address":"8 Caliangt Circle"},
{"id":7,"first_name":"Helga","last_name":"Douglass","email":"hdouglass6@blogspot.com","address":"642 Hanover Parkway"},
{"id":8,"first_name":"Cara","last_name":"Whitehorne","email":"cwhitehorne7@ftc.gov","address":"498 Pierstorff Park"},
{"id":9,"first_name":"Farly","last_name":"Petrussi","email":"fpetrussi8@livejournal.com","address":"9215 Westerfield Parkway"},
{"id":10,"first_name":"Jerrine","last_name":"Tompkiss","email":"jtompkiss9@rambler.ru","address":"254 Pepper Wood Center"},
{"id":11,"first_name":"Sigrid","last_name":"Gillice","email":"sgillicea@drupal.org","address":"85211 Grasskamp Street"},
{"id":12,"first_name":"Felike","last_name":"Tardiff","email":"ftardiffb@noaa.gov","address":"29931 Shoshone Alley"},
{"id":13,"first_name":"Ferdinanda","last_name":"Vela","email":"fvelac@bloglovin.com","address":"9435 Monument Plaza"},
{"id":14,"first_name":"Alta","last_name":"Pawnsford","email":"apawnsfordd@cisco.com","address":"2250 Clyde Gallagher Junction"},
{"id":15,"first_name":"Kahlil","last_name":"Moisey","email":"kmoiseye@prweb.com","address":"7 Green Park"},
{"id":16,"first_name":"Erroll","last_name":"Hains","email":"ehainsf@java.com","address":"689 Debra Trail"},
{"id":17,"first_name":"Shaina","last_name":"Harbison","email":"sharbisong@dedecms.com","address":"57713 Roth Drive"},
{"id":18,"first_name":"Giacinta","last_name":"Gulston","email":"ggulstonh@ifeng.com","address":"2024 Memorial Avenue"},
{"id":19,"first_name":"Bibbye","last_name":"Sidsaff","email":"bsidsaffi@dedecms.com","address":"14 Arrowood Crossing"},
{"id":20,"first_name":"Gratia","last_name":"Patry","email":"gpatryj@examiner.com","address":"54999 Pawling Terrace"},
{"id":21,"first_name":"Tim","last_name":"Rixon","email":"trixonk@wikipedia.org","address":"0 Prairieview Pass"},
{"id":22,"first_name":"Buckie","last_name":"Ridett","email":"bridettl@ucoz.ru","address":"050 Magdeline Point"},
{"id":23,"first_name":"Fowler","last_name":"Stuchbery","email":"fstuchberym@dion.ne.jp","address":"09424 Emmet Terrace"},
{"id":24,"first_name":"Nananne","last_name":"Esp","email":"nespn@newsvine.com","address":"36710 Portage Way"},
{"id":25,"first_name":"Bernardine","last_name":"Keeling","email":"bkeelingo@hexun.com","address":"2 Little Fleur Crossing"},
{"id":26,"first_name":"Freeman","last_name":"Kulic","email":"fkulicp@example.com","address":"280 Lien Point"},
{"id":27,"first_name":"Wake","last_name":"Louisot","email":"wlouisotq@newsvine.com","address":"4 Clarendon Terrace"},
{"id":28,"first_name":"Clemmy","last_name":"Moehler","email":"cmoehlerr@ft.com","address":"66684 Dexter Hill"},
{"id":29,"first_name":"Lindi","last_name":"Gadney","email":"lgadneys@sitemeter.com","address":"07174 Tennessee Park"},
{"id":30,"first_name":"Rosemary","last_name":"Gonsalvez","email":"rgonsalvezt@adobe.com","address":"078 Arrowood Terrace"},
{"id":31,"first_name":"Carri","last_name":"Stanyon","email":"cstanyonu@aol.com","address":"92 Moulton Junction"},
{"id":32,"first_name":"Lilah","last_name":"Sterrick","email":"lsterrickv@sciencedirect.com","address":"05022 Meadow Ridge Drive"},
{"id":33,"first_name":"Kristos","last_name":"Hoyles","email":"khoylesw@ucoz.ru","address":"11 Hoepker Trail"},
{"id":34,"first_name":"Theodoric","last_name":"Duckwith","email":"tduckwithx@msu.edu","address":"705 Summerview Road"},
{"id":35,"first_name":"Truman","last_name":"Harriot","email":"tharrioty@mayoclinic.com","address":"873 Sachs Pass"},
{"id":36,"first_name":"Miner","last_name":"Anshell","email":"manshellz@zdnet.com","address":"8432 Commercial Parkway"},
{"id":37,"first_name":"Jean","last_name":"Scoggin","email":"jscoggin10@ask.com","address":"88 Lindbergh Alley"},
{"id":38,"first_name":"Elle","last_name":"Beere","email":"ebeere11@blogtalkradio.com","address":"94480 Farwell Center"},
{"id":39,"first_name":"Gauthier","last_name":"Densumbe","email":"gdensumbe12@php.net","address":"364 Moulton Pass"},
{"id":40,"first_name":"Berri","last_name":"Heffy","email":"bheffy13@miitbeian.gov.cn","address":"7356 Marquette Terrace"},
{"id":41,"first_name":"Ema","last_name":"Edyson","email":"eedyson14@shinystat.com","address":"285 Acker Street"},
{"id":42,"first_name":"Guilbert","last_name":"Antoniutti","email":"gantoniutti15@google.fr","address":"4 Bay Hill"},
{"id":43,"first_name":"Elle","last_name":"Cartlidge","email":"ecartlidge16@blogger.com","address":"1367 Hoard Alley"},
{"id":44,"first_name":"Wyatan","last_name":"Kellington","email":"wkellington17@bloglovin.com","address":"3 Forest Drive"},
{"id":45,"first_name":"Sharleen","last_name":"Eburne","email":"seburne18@bizjournals.com","address":"150 Del Sol Street"},
{"id":46,"first_name":"Ilka","last_name":"Littlemore","email":"ilittlemore19@is.gd","address":"6195 School Terrace"},
{"id":47,"first_name":"Rey","last_name":"Morcombe","email":"rmorcombe1a@github.com","address":"3812 Mayfield Terrace"},
{"id":48,"first_name":"Marget","last_name":"Groucutt","email":"mgroucutt1b@mtv.com","address":"87767 Mcguire Avenue"},
{"id":49,"first_name":"Ezechiel","last_name":"Colliard","email":"ecolliard1c@live.com","address":"46 Sommers Plaza"},
{"id":50,"first_name":"Nilson","last_name":"Danett","email":"ndanett1d@gizmodo.com","address":"7 Hintze Parkway"},
{"id":51,"first_name":"Devondra","last_name":"Crix","email":"dcrix1e@geocities.com","address":"2696 Caliangt Alley"},
{"id":52,"first_name":"Baron","last_name":"Kike","email":"bkike1f@webmd.com","address":"18 Karstens Terrace"},
{"id":53,"first_name":"Adrienne","last_name":"Nevett","email":"anevett1g@nifty.com","address":"40809 Springview Circle"},
{"id":54,"first_name":"Perry","last_name":"Gawkes","email":"pgawkes1h@xinhuanet.com","address":"8806 Chive Center"},
{"id":55,"first_name":"Nicky","last_name":"Grosvener","email":"ngrosvener1i@marriott.com","address":"916 Homewood Circle"},
{"id":56,"first_name":"Tamar","last_name":"Eggers","email":"teggers1j@cam.ac.uk","address":"5879 Lawn Trail"},
{"id":57,"first_name":"Nathalia","last_name":"Minchin","email":"nminchin1k@census.gov","address":"7725 Gina Court"},
{"id":58,"first_name":"Colan","last_name":"Bus","email":"cbus1l@google.it","address":"7 Mendota Road"},
{"id":59,"first_name":"Dita","last_name":"Schust","email":"dschust1m@bluehost.com","address":"59873 Tennessee Plaza"},
{"id":60,"first_name":"Philippine","last_name":"Walklott","email":"pwalklott1n@usatoday.com","address":"30969 Briar Crest Park"},
{"id":61,"first_name":"Louisa","last_name":"Forth","email":"lforth1o@myspace.com","address":"1 Rockefeller Trail"},
{"id":62,"first_name":"Margaretta","last_name":"Dradey","email":"mdradey1p@privacy.gov.au","address":"675 Vermont Avenue"},
{"id":63,"first_name":"Shannah","last_name":"Jellman","email":"sjellman1q@google.com.br","address":"43 Autumn Leaf Place"},
{"id":64,"first_name":"Windham","last_name":"Wathan","email":"wwathan1r@europa.eu","address":"46 Manufacturers Terrace"},
{"id":65,"first_name":"Lincoln","last_name":"Iddison","email":"liddison1s@reference.com","address":"76 Mayfield Place"},
{"id":66,"first_name":"Adelaide","last_name":"Ghelardi","email":"aghelardi1t@github.io","address":"185 Hagan Lane"},
{"id":67,"first_name":"Stacy","last_name":"Bank","email":"sbank1u@joomla.org","address":"2 Saint Paul Alley"},
{"id":68,"first_name":"Kinny","last_name":"Gare","email":"kgare1v@ning.com","address":"691 Helena Terrace"},
{"id":69,"first_name":"Katine","last_name":"Haggleton","email":"khaggleton1w@mediafire.com","address":"23892 Jay Center"},
{"id":70,"first_name":"Rebekah","last_name":"Rablan","email":"rrablan1x@fema.gov","address":"44 Evergreen Center"},
{"id":71,"first_name":"Felicle","last_name":"Martine","email":"fmartine1y@jigsy.com","address":"665 Merchant Parkway"},
{"id":72,"first_name":"Curtice","last_name":"Eburah","email":"ceburah1z@bloomberg.com","address":"74 Nova Avenue"},
{"id":73,"first_name":"Miquela","last_name":"McDowall","email":"mmcdowall20@buzzfeed.com","address":"633 Lotheville Avenue"},
{"id":74,"first_name":"Brittany","last_name":"Payley","email":"bpayley21@unicef.org","address":"53 Waxwing Junction"},
{"id":75,"first_name":"Pammi","last_name":"Goggen","email":"pgoggen22@woothemes.com","address":"1225 Steensland Trail"},
{"id":76,"first_name":"Vanny","last_name":"Egerton","email":"vegerton23@desdev.cn","address":"68 Bunker Hill Terrace"},
{"id":77,"first_name":"Annissa","last_name":"Feldmesser","email":"afeldmesser24@merriam-webster.com","address":"3257 Sunbrook Alley"},
{"id":78,"first_name":"Jamaal","last_name":"Keasy","email":"jkeasy25@boston.com","address":"7342 Del Mar Avenue"},
{"id":79,"first_name":"Hobart","last_name":"Golde","email":"hgolde26@reuters.com","address":"6 Magdeline Avenue"},
{"id":80,"first_name":"Dolli","last_name":"Shaxby","email":"dshaxby27@nbcnews.com","address":"2 Ilene Place"},
{"id":81,"first_name":"Brandice","last_name":"Matkin","email":"bmatkin28@furl.net","address":"72 Aberg Road"},
{"id":82,"first_name":"Bellina","last_name":"Rickert","email":"brickert29@bloglines.com","address":"3986 Michigan Center"},
{"id":83,"first_name":"Marketa","last_name":"Duxbury","email":"mduxbury2a@exblog.jp","address":"6922 Nobel Center"},
{"id":84,"first_name":"Gavra","last_name":"Folkerd","email":"gfolkerd2b@ameblo.jp","address":"4795 Badeau Drive"},
{"id":85,"first_name":"Leandra","last_name":"Drohane","email":"ldrohane2c@mapy.cz","address":"2 Homewood Hill"},
{"id":86,"first_name":"Sigfrid","last_name":"Piborn","email":"spiborn2d@photobucket.com","address":"55 Pawling Lane"},
{"id":87,"first_name":"Kristoffer","last_name":"Blucher","email":"kblucher2e@drupal.org","address":"3759 Huxley Trail"},
{"id":88,"first_name":"Aurelea","last_name":"Dannatt","email":"adannatt2f@scribd.com","address":"8777 Washington Terrace"},
{"id":89,"first_name":"Winonah","last_name":"Valerius","email":"wvalerius2g@topsy.com","address":"6 Roxbury Circle"},
{"id":90,"first_name":"Inger","last_name":"Fagence","email":"ifagence2h@photobucket.com","address":"85 Roxbury Alley"},
{"id":91,"first_name":"Griselda","last_name":"Eshelby","email":"geshelby2i@redcross.org","address":"9 Dapin Avenue"},
{"id":92,"first_name":"Candie","last_name":"Surby","email":"csurby2j@studiopress.com","address":"868 Armistice Pass"},
{"id":93,"first_name":"Mechelle","last_name":"Kubik","email":"mkubik2k@t.co","address":"5608 Stang Terrace"},
{"id":94,"first_name":"Bartholomeo","last_name":"Goodisson","email":"bgoodisson2l@ebay.co.uk","address":"75 Carey Center"},
{"id":95,"first_name":"Kelila","last_name":"O'Noland","email":"konoland2m@ft.com","address":"1942 Talisman Drive"},
{"id":96,"first_name":"Esmaria","last_name":"Dungate","email":"edungate2n@va.gov","address":"3 Farmco Place"},
{"id":97,"first_name":"Codi","last_name":"Gawthrope","email":"cgawthrope2o@springer.com","address":"348 Saint Paul Road"},
{"id":98,"first_name":"Damien","last_name":"Bradburn","email":"dbradburn2p@so-net.ne.jp","address":"2 Artisan Trail"},
{"id":99,"first_name":"Haley","last_name":"Braybrooks","email":"hbraybrooks2q@cam.ac.uk","address":"518 Ronald Regan Terrace"},
{"id":100,"first_name":"Jeniece","last_name":"Markushkin","email":"jmarkushkin2r@google.ca","address":"9 Manley Alley"}
]
}